class,transformed_term,raw_feature,coefficient
Anthrax,categorical__Animal_Species_Buffalo,Animal_Species,-0.056385258514895134
Anthrax,categorical__Animal_Species_Cow,Animal_Species,0.05478362979789337
Anthrax,categorical__Sex_Female,Sex,-0.20373255307707872
Anthrax,categorical__Sex_Male,Sex,0.202130924360081
Anthrax,categorical__Season_Monsoon,Season,-0.11075329502572656
Anthrax,categorical__Season_Summer,Season,0.16628466900024547
Anthrax,categorical__Season_Winter,Season,-0.05713300269151657
Anthrax,numeric__Age_Months,Age_Months,0.22223117476327212
Anthrax,numeric__Herd_Size,Herd_Size,-0.03501552397816652
Anthrax,numeric__Days_Since_Last_Vaccination,Days_Since_Last_Vaccination,-0.02785772697045534
Anthrax,numeric__Vaccinated_FMD,Vaccinated_FMD,0.04246852200388225
Anthrax,numeric__Vaccinated_HS,Vaccinated_HS,0.020250246006918358
Anthrax,numeric__Vaccinated_LSD,Vaccinated_LSD,0.0461566903104534
Anthrax,numeric__Vaccinated_BQ,Vaccinated_BQ,0.08088190364984472
Anthrax,numeric__Fever_High_Body_Temperature,Fever_High_Body_Temperature,0.2139721791220699
Anthrax,numeric__Cough,Cough,-0.026146817332322794
Anthrax,numeric__Nasal_Discharge,Nasal_Discharge,-0.1997801206728653
Anthrax,numeric__Difficulty_Breathing,Difficulty_Breathing,1.0186077354759195
Anthrax,numeric__Reduced_Appetite,Reduced_Appetite,0.254552662707988
Anthrax,numeric__Weakness_Lethargy,Weakness_Lethargy,0.45492788296756126
Anthrax,numeric__Diarrhea,Diarrhea,0.31217094106108967
Anthrax,numeric__Dehydration,Dehydration,0.6853402854389268
Anthrax,numeric__Excessive_Salivation,Excessive_Salivation,-0.3240981299791823
Anthrax,numeric__Mouth_Lesions_Sores,Mouth_Lesions_Sores,-0.2629978460482223
Anthrax,numeric__Lameness_Difficulty_Walking,Lameness_Difficulty_Walking,-0.3711204654216268
Anthrax,numeric__Swelling,Swelling,-0.005951643737624354
Anthrax,numeric__Skin_Lesions_Rash,Skin_Lesions_Rash,-0.33621247280362015
Anthrax,numeric__Eye_Discharge_Redness,Eye_Discharge_Redness,-0.2888095208396014
Anthrax,numeric__Abortion_Reproductive_Problem,Abortion_Reproductive_Problem,0.23161501972497045
Anthrax,numeric__Abnormal_Milk_Production,Abnormal_Milk_Production,-0.4069810365582734
Anthrax,numeric__Weight_Loss,Weight_Loss,0.05577516726243626
Anthrax,numeric__Reduced_Rumination,Reduced_Rumination,-0.08748682688376129
Anthrax,numeric__Ticks_External_Parasites,Ticks_External_Parasites,0.05379149234311933
Anthrax,numeric__Temperature_C,Temperature_C,0.0008139744803365587
Anthrax,numeric__Humidity_Percent,Humidity_Percent,0.03579653454761973
Anthrax,numeric__Rainfall_mm,Rainfall_mm,0.007268518047407419
Black Quarter / Blackleg,categorical__Animal_Species_Buffalo,Animal_Species,-0.045581017056881605
Black Quarter / Blackleg,categorical__Animal_Species_Cow,Animal_Species,0.05207974263673384
Black Quarter / Blackleg,categorical__Sex_Female,Sex,-0.0962209558483493
Black Quarter / Blackleg,categorical__Sex_Male,Sex,0.10271968142820365
Black Quarter / Blackleg,categorical__Season_Monsoon,Season,-0.15603994203073873
Black Quarter / Blackleg,categorical__Season_Summer,Season,0.10602247046108995
Black Quarter / Blackleg,categorical__Season_Winter,Season,0.0565161971495009
Black Quarter / Blackleg,numeric__Age_Months,Age_Months,-1.4925408723745592
Black Quarter / Blackleg,numeric__Herd_Size,Herd_Size,0.017370727225097145
Black Quarter / Blackleg,numeric__Days_Since_Last_Vaccination,Days_Since_Last_Vaccination,0.034108570210838914
Black Quarter / Blackleg,numeric__Vaccinated_FMD,Vaccinated_FMD,-0.006347527081722388
Black Quarter / Blackleg,numeric__Vaccinated_HS,Vaccinated_HS,0.002343593794044408
Black Quarter / Blackleg,numeric__Vaccinated_LSD,Vaccinated_LSD,-0.005520457624102347
Black Quarter / Blackleg,numeric__Vaccinated_BQ,Vaccinated_BQ,-0.25798292948550205
Black Quarter / Blackleg,numeric__Fever_High_Body_Temperature,Fever_High_Body_Temperature,0.19077033035150529
Black Quarter / Blackleg,numeric__Cough,Cough,-0.03239025792828918
Black Quarter / Blackleg,numeric__Nasal_Discharge,Nasal_Discharge,-0.4133527490488331
Black Quarter / Blackleg,numeric__Difficulty_Breathing,Difficulty_Breathing,-0.17805915528244268
Black Quarter / Blackleg,numeric__Reduced_Appetite,Reduced_Appetite,0.23061445643408682
Black Quarter / Blackleg,numeric__Weakness_Lethargy,Weakness_Lethargy,0.38354551055955466
Black Quarter / Blackleg,numeric__Diarrhea,Diarrhea,-0.10833867554274254
Black Quarter / Blackleg,numeric__Dehydration,Dehydration,0.01602196538068244
Black Quarter / Blackleg,numeric__Excessive_Salivation,Excessive_Salivation,-0.46334183256757716
Black Quarter / Blackleg,numeric__Mouth_Lesions_Sores,Mouth_Lesions_Sores,-0.24412017076544706
Black Quarter / Blackleg,numeric__Lameness_Difficulty_Walking,Lameness_Difficulty_Walking,0.8296424600857804
Black Quarter / Blackleg,numeric__Swelling,Swelling,0.7661825628543821
Black Quarter / Blackleg,numeric__Skin_Lesions_Rash,Skin_Lesions_Rash,-0.1894253686201567
Black Quarter / Blackleg,numeric__Eye_Discharge_Redness,Eye_Discharge_Redness,-0.3903999340932635
Black Quarter / Blackleg,numeric__Abortion_Reproductive_Problem,Abortion_Reproductive_Problem,0.003214221513998227
Black Quarter / Blackleg,numeric__Abnormal_Milk_Production,Abnormal_Milk_Production,-0.13453883284197402
Black Quarter / Blackleg,numeric__Weight_Loss,Weight_Loss,-0.2678674071184436
Black Quarter / Blackleg,numeric__Reduced_Rumination,Reduced_Rumination,-0.01266063282723769
Black Quarter / Blackleg,numeric__Ticks_External_Parasites,Ticks_External_Parasites,0.06276214908760434
Black Quarter / Blackleg,numeric__Temperature_C,Temperature_C,0.008480863010385161
Black Quarter / Blackleg,numeric__Humidity_Percent,Humidity_Percent,0.04531536917395156
Black Quarter / Blackleg,numeric__Rainfall_mm,Rainfall_mm,0.02631810752361231
FMD,categorical__Animal_Species_Buffalo,Animal_Species,-0.14930938129757781
FMD,categorical__Animal_Species_Cow,Animal_Species,0.15702820426508451
FMD,categorical__Sex_Female,Sex,-0.05043772297483553
FMD,categorical__Sex_Male,Sex,0.0581565459423455
FMD,categorical__Season_Monsoon,Season,-0.1625060529390611
FMD,categorical__Season_Summer,Season,0.09664123806896668
FMD,categorical__Season_Winter,Season,0.0735836378376037
FMD,numeric__Age_Months,Age_Months,0.2176941949656646
FMD,numeric__Herd_Size,Herd_Size,-0.008137604338672303
FMD,numeric__Days_Since_Last_Vaccination,Days_Since_Last_Vaccination,-0.020485443686856657
FMD,numeric__Vaccinated_FMD,Vaccinated_FMD,-0.3247426699583149
FMD,numeric__Vaccinated_HS,Vaccinated_HS,0.048777712171265065
FMD,numeric__Vaccinated_LSD,Vaccinated_LSD,-0.04844629104559395
FMD,numeric__Vaccinated_BQ,Vaccinated_BQ,0.0021085806363216326
FMD,numeric__Fever_High_Body_Temperature,Fever_High_Body_Temperature,0.5698594034128905
FMD,numeric__Cough,Cough,0.016552174253348824
FMD,numeric__Nasal_Discharge,Nasal_Discharge,0.04917319959592881
FMD,numeric__Difficulty_Breathing,Difficulty_Breathing,-0.42474667141841993
FMD,numeric__Reduced_Appetite,Reduced_Appetite,0.17866119351589352
FMD,numeric__Weakness_Lethargy,Weakness_Lethargy,-0.17065444728362167
FMD,numeric__Diarrhea,Diarrhea,-0.09502525037241388
FMD,numeric__Dehydration,Dehydration,-0.021902049522816908
FMD,numeric__Excessive_Salivation,Excessive_Salivation,1.0596389515055629
FMD,numeric__Mouth_Lesions_Sores,Mouth_Lesions_Sores,1.058544106658269
FMD,numeric__Lameness_Difficulty_Walking,Lameness_Difficulty_Walking,0.5799351390417613
FMD,numeric__Swelling,Swelling,-1.3733256994497647
FMD,numeric__Skin_Lesions_Rash,Skin_Lesions_Rash,-0.3253083187100731
FMD,numeric__Eye_Discharge_Redness,Eye_Discharge_Redness,-0.2600440401666571
FMD,numeric__Abortion_Reproductive_Problem,Abortion_Reproductive_Problem,-0.20725698032055484
FMD,numeric__Abnormal_Milk_Production,Abnormal_Milk_Production,-0.031239162467941468
FMD,numeric__Weight_Loss,Weight_Loss,-0.082189550050227
FMD,numeric__Reduced_Rumination,Reduced_Rumination,0.14476410224165115
FMD,numeric__Ticks_External_Parasites,Ticks_External_Parasites,0.0029032592319220693
FMD,numeric__Temperature_C,Temperature_C,-0.025964531814369026
FMD,numeric__Humidity_Percent,Humidity_Percent,0.024267191546341844
FMD,numeric__Rainfall_mm,Rainfall_mm,-0.028939942959190623
Healthy,categorical__Animal_Species_Buffalo,Animal_Species,-0.07273235572919397
Healthy,categorical__Animal_Species_Cow,Animal_Species,0.05533571858010595
Healthy,categorical__Sex_Female,Sex,-0.1686689413938748
Healthy,categorical__Sex_Male,Sex,0.15127230424478508
Healthy,categorical__Season_Monsoon,Season,-0.00886770608629701
Healthy,categorical__Season_Summer,Season,0.014683009205281655
Healthy,categorical__Season_Winter,Season,-0.023211940268074088
Healthy,numeric__Age_Months,Age_Months,0.18867304149426528
Healthy,numeric__Herd_Size,Herd_Size,0.028405174650576293
Healthy,numeric__Days_Since_Last_Vaccination,Days_Since_Last_Vaccination,-0.02853701297633201
Healthy,numeric__Vaccinated_FMD,Vaccinated_FMD,0.18585426825849324
Healthy,numeric__Vaccinated_HS,Vaccinated_HS,0.1653766129775352
Healthy,numeric__Vaccinated_LSD,Vaccinated_LSD,0.14548603970558455
Healthy,numeric__Vaccinated_BQ,Vaccinated_BQ,0.15688683398952963
Healthy,numeric__Fever_High_Body_Temperature,Fever_High_Body_Temperature,-1.4116397674620664
Healthy,numeric__Cough,Cough,0.1387564451322693
Healthy,numeric__Nasal_Discharge,Nasal_Discharge,-0.2854129221555593
Healthy,numeric__Difficulty_Breathing,Difficulty_Breathing,-0.8529905264148325
Healthy,numeric__Reduced_Appetite,Reduced_Appetite,-0.7268659657360104
Healthy,numeric__Weakness_Lethargy,Weakness_Lethargy,-0.698431822807462
Healthy,numeric__Diarrhea,Diarrhea,0.10454817188034461
Healthy,numeric__Dehydration,Dehydration,-0.353479643782971
Healthy,numeric__Excessive_Salivation,Excessive_Salivation,-0.5354352135974658
Healthy,numeric__Mouth_Lesions_Sores,Mouth_Lesions_Sores,-0.2501046153721834
Healthy,numeric__Lameness_Difficulty_Walking,Lameness_Difficulty_Walking,-0.41727713439585074
Healthy,numeric__Swelling,Swelling,-0.7355530025377952
Healthy,numeric__Skin_Lesions_Rash,Skin_Lesions_Rash,0.07241381994248329
Healthy,numeric__Eye_Discharge_Redness,Eye_Discharge_Redness,-0.29114331186838033
Healthy,numeric__Abortion_Reproductive_Problem,Abortion_Reproductive_Problem,-0.06335290466468847
Healthy,numeric__Abnormal_Milk_Production,Abnormal_Milk_Production,-0.7696899646656955
Healthy,numeric__Weight_Loss,Weight_Loss,-0.28699663595277275
Healthy,numeric__Reduced_Rumination,Reduced_Rumination,-0.25204569154332435
Healthy,numeric__Ticks_External_Parasites,Ticks_External_Parasites,-0.18803556198709057
Healthy,numeric__Temperature_C,Temperature_C,-0.08076126447600458
Healthy,numeric__Humidity_Percent,Humidity_Percent,-0.12713925075515053
Healthy,numeric__Rainfall_mm,Rainfall_mm,-0.0076008464592065145
Hemorrhagic Septicemia,categorical__Animal_Species_Buffalo,Animal_Species,0.32334760469996143
Hemorrhagic Septicemia,categorical__Animal_Species_Cow,Animal_Species,-0.3152468866598962
Hemorrhagic Septicemia,categorical__Sex_Female,Sex,-0.08507272067485441
Hemorrhagic Septicemia,categorical__Sex_Male,Sex,0.0931734387149212
Hemorrhagic Septicemia,categorical__Season_Monsoon,Season,0.6446038655439291
Hemorrhagic Septicemia,categorical__Season_Summer,Season,-0.5094797788712706
Hemorrhagic Septicemia,categorical__Season_Winter,Season,-0.12702336863259392
Hemorrhagic Septicemia,numeric__Age_Months,Age_Months,0.25101137520909544
Hemorrhagic Septicemia,numeric__Herd_Size,Herd_Size,-0.0336480362671709
Hemorrhagic Septicemia,numeric__Days_Since_Last_Vaccination,Days_Since_Last_Vaccination,0.007476319382455647
Hemorrhagic Septicemia,numeric__Vaccinated_FMD,Vaccinated_FMD,0.0023407423931952323
Hemorrhagic Septicemia,numeric__Vaccinated_HS,Vaccinated_HS,-0.2602983819631915
Hemorrhagic Septicemia,numeric__Vaccinated_LSD,Vaccinated_LSD,0.08849702808880806
Hemorrhagic Septicemia,numeric__Vaccinated_BQ,Vaccinated_BQ,0.05839802498246434
Hemorrhagic Septicemia,numeric__Fever_High_Body_Temperature,Fever_High_Body_Temperature,0.5132003601292573
Hemorrhagic Septicemia,numeric__Cough,Cough,0.20510720702048574
Hemorrhagic Septicemia,numeric__Nasal_Discharge,Nasal_Discharge,0.7187654149875286
Hemorrhagic Septicemia,numeric__Difficulty_Breathing,Difficulty_Breathing,1.0337754343341112
Hemorrhagic Septicemia,numeric__Reduced_Appetite,Reduced_Appetite,0.02400633572797692
Hemorrhagic Septicemia,numeric__Weakness_Lethargy,Weakness_Lethargy,0.17264081610978088
Hemorrhagic Septicemia,numeric__Diarrhea,Diarrhea,-0.05588377402150012
Hemorrhagic Septicemia,numeric__Dehydration,Dehydration,0.05374925612971094
Hemorrhagic Septicemia,numeric__Excessive_Salivation,Excessive_Salivation,0.9277002298991636
Hemorrhagic Septicemia,numeric__Mouth_Lesions_Sores,Mouth_Lesions_Sores,-0.05787143854730079
Hemorrhagic Septicemia,numeric__Lameness_Difficulty_Walking,Lameness_Difficulty_Walking,-1.0326418922709506
Hemorrhagic Septicemia,numeric__Swelling,Swelling,0.5855394189413932
Hemorrhagic Septicemia,numeric__Skin_Lesions_Rash,Skin_Lesions_Rash,-0.17617999303889798
Hemorrhagic Septicemia,numeric__Eye_Discharge_Redness,Eye_Discharge_Redness,0.671973602650421
Hemorrhagic Septicemia,numeric__Abortion_Reproductive_Problem,Abortion_Reproductive_Problem,-0.1515116019946692
Hemorrhagic Septicemia,numeric__Abnormal_Milk_Production,Abnormal_Milk_Production,-0.3634756238692041
Hemorrhagic Septicemia,numeric__Weight_Loss,Weight_Loss,0.2068639363844655
Hemorrhagic Septicemia,numeric__Reduced_Rumination,Reduced_Rumination,0.04428549921793576
Hemorrhagic Septicemia,numeric__Ticks_External_Parasites,Ticks_External_Parasites,-0.008603992570265298
Hemorrhagic Septicemia,numeric__Temperature_C,Temperature_C,0.16894330796962936
Hemorrhagic Septicemia,numeric__Humidity_Percent,Humidity_Percent,0.008359580985134821
Hemorrhagic Septicemia,numeric__Rainfall_mm,Rainfall_mm,-0.09683391722938024
Lumpy Skin Disease,categorical__Animal_Species_Buffalo,Animal_Species,0.0651956275223152
Lumpy Skin Disease,categorical__Animal_Species_Cow,Animal_Species,-0.0634850664090852
Lumpy Skin Disease,categorical__Sex_Female,Sex,-0.2546468981533211
Lumpy Skin Disease,categorical__Sex_Male,Sex,0.2563574592665503
Lumpy Skin Disease,categorical__Season_Monsoon,Season,-0.052456539324583766
Lumpy Skin Disease,categorical__Season_Summer,Season,-0.14792321047358925
Lumpy Skin Disease,categorical__Season_Winter,Season,0.20209031091140192
Lumpy Skin Disease,numeric__Age_Months,Age_Months,0.1690138627019964
Lumpy Skin Disease,numeric__Herd_Size,Herd_Size,0.027940151639760595
Lumpy Skin Disease,numeric__Days_Since_Last_Vaccination,Days_Since_Last_Vaccination,-0.04530302820988242
Lumpy Skin Disease,numeric__Vaccinated_FMD,Vaccinated_FMD,0.02883561542049309
Lumpy Skin Disease,numeric__Vaccinated_HS,Vaccinated_HS,0.017607642037244586
Lumpy Skin Disease,numeric__Vaccinated_LSD,Vaccinated_LSD,-0.30409193105751064
Lumpy Skin Disease,numeric__Vaccinated_BQ,Vaccinated_BQ,-0.03353977656954699
Lumpy Skin Disease,numeric__Fever_High_Body_Temperature,Fever_High_Body_Temperature,0.13139389670348678
Lumpy Skin Disease,numeric__Cough,Cough,0.01087187503893212
Lumpy Skin Disease,numeric__Nasal_Discharge,Nasal_Discharge,0.5939272026412858
Lumpy Skin Disease,numeric__Difficulty_Breathing,Difficulty_Breathing,-0.13398706625670417
Lumpy Skin Disease,numeric__Reduced_Appetite,Reduced_Appetite,-0.03547640959393539
Lumpy Skin Disease,numeric__Weakness_Lethargy,Weakness_Lethargy,-0.013538307866661731
Lumpy Skin Disease,numeric__Diarrhea,Diarrhea,0.027245590447954368
Lumpy Skin Disease,numeric__Dehydration,Dehydration,-0.14863462090258156
Lumpy Skin Disease,numeric__Excessive_Salivation,Excessive_Salivation,0.10747433045396945
Lumpy Skin Disease,numeric__Mouth_Lesions_Sores,Mouth_Lesions_Sores,0.04999386310968927
Lumpy Skin Disease,numeric__Lameness_Difficulty_Walking,Lameness_Difficulty_Walking,-0.12565565143441246
Lumpy Skin Disease,numeric__Swelling,Swelling,-0.38527831700760473
Lumpy Skin Disease,numeric__Skin_Lesions_Rash,Skin_Lesions_Rash,1.4572567759196073
Lumpy Skin Disease,numeric__Eye_Discharge_Redness,Eye_Discharge_Redness,0.9428700254537189
Lumpy Skin Disease,numeric__Abortion_Reproductive_Problem,Abortion_Reproductive_Problem,0.1353309512686057
Lumpy Skin Disease,numeric__Abnormal_Milk_Production,Abnormal_Milk_Production,0.13232952598585562
Lumpy Skin Disease,numeric__Weight_Loss,Weight_Loss,0.032877087359542305
Lumpy Skin Disease,numeric__Reduced_Rumination,Reduced_Rumination,-0.040491862723607615
Lumpy Skin Disease,numeric__Ticks_External_Parasites,Ticks_External_Parasites,0.04316373404979861
Lumpy Skin Disease,numeric__Temperature_C,Temperature_C,0.0633918818089143
Lumpy Skin Disease,numeric__Humidity_Percent,Humidity_Percent,0.06824743506634298
Lumpy Skin Disease,numeric__Rainfall_mm,Rainfall_mm,-0.1030036872612797
Mastitis,categorical__Animal_Species_Buffalo,Animal_Species,-0.06453521962373233
Mastitis,categorical__Animal_Species_Cow,Animal_Species,0.05950465778916203
Mastitis,categorical__Sex_Female,Sex,0.858779792122318
Mastitis,categorical__Sex_Male,Sex,-0.8638103539568931
Mastitis,categorical__Season_Monsoon,Season,-0.15398033013752474
Mastitis,categorical__Season_Summer,Season,0.2737716026092766
Mastitis,categorical__Season_Winter,Season,-0.12482183430632286
Mastitis,numeric__Age_Months,Age_Months,0.44391722324026794
Mastitis,numeric__Herd_Size,Herd_Size,0.0030851110685754025
Mastitis,numeric__Days_Since_Last_Vaccination,Days_Since_Last_Vaccination,0.08059832225023478
Mastitis,numeric__Vaccinated_FMD,Vaccinated_FMD,0.07159104896397266
Mastitis,numeric__Vaccinated_HS,Vaccinated_HS,0.005942574976181584
Mastitis,numeric__Vaccinated_LSD,Vaccinated_LSD,0.07791892162236426
Mastitis,numeric__Vaccinated_BQ,Vaccinated_BQ,-0.006752637203114497
Mastitis,numeric__Fever_High_Body_Temperature,Fever_High_Body_Temperature,-0.2075564022571433
Mastitis,numeric__Cough,Cough,-0.31275062618442034
Mastitis,numeric__Nasal_Discharge,Nasal_Discharge,-0.4633200253474819
Mastitis,numeric__Difficulty_Breathing,Difficulty_Breathing,-0.46259975043763324
Mastitis,numeric__Reduced_Appetite,Reduced_Appetite,0.07450772694400765
Mastitis,numeric__Weakness_Lethargy,Weakness_Lethargy,-0.12848963167915448
Mastitis,numeric__Diarrhea,Diarrhea,-0.18471700345273276
Mastitis,numeric__Dehydration,Dehydration,-0.2310951927409545
Mastitis,numeric__Excessive_Salivation,Excessive_Salivation,-0.7719383357144615
Mastitis,numeric__Mouth_Lesions_Sores,Mouth_Lesions_Sores,-0.2934438990347924
Mastitis,numeric__Lameness_Difficulty_Walking,Lameness_Difficulty_Walking,0.5371175443952925
Mastitis,numeric__Swelling,Swelling,1.1483866809370227
Mastitis,numeric__Skin_Lesions_Rash,Skin_Lesions_Rash,-0.5025444426893325
Mastitis,numeric__Eye_Discharge_Redness,Eye_Discharge_Redness,-0.38444682113623135
Mastitis,numeric__Abortion_Reproductive_Problem,Abortion_Reproductive_Problem,0.05196129447233735
Mastitis,numeric__Abnormal_Milk_Production,Abnormal_Milk_Production,1.573595094417219
Mastitis,numeric__Weight_Loss,Weight_Loss,0.3415374021150099
Mastitis,numeric__Reduced_Rumination,Reduced_Rumination,0.20363541251834222
Mastitis,numeric__Ticks_External_Parasites,Ticks_External_Parasites,0.03401891984491278
Mastitis,numeric__Temperature_C,Temperature_C,-0.1349042309788912
Mastitis,numeric__Humidity_Percent,Humidity_Percent,-0.05484686056424148
Mastitis,numeric__Rainfall_mm,Rainfall_mm,0.2027917683380421
